{"cameraMode":{"drawMode":0,"name":"Shaded","section":"Shading Mode"},"sceneLighting":true,"audioPlay":false,"sceneViewState":{"m_AlwaysRefresh":false,"showFog":true,"showSkybox":false,"showFlares":true,"showImageEffects":true,"showParticleSystems":true,"showVisualEffectGraphs":true,"m_FxEnabled":true},"in2DMode":false,"pivot":{"x":-0.028491079807281495,"y":0.24598045647144319,"z":0.014347277581691742},"rotation":{"x":0.04954289644956589,"y":0.5685451030731201,"z":-0.03433024510741234,"w":0.8204447627067566},"size":0.34403979778289797,"orthographic":false}