{"cameraMode":{"drawMode":0,"name":"Shaded","section":"Shading Mode"},"sceneLighting":true,"audioPlay":false,"sceneViewState":{"m_AlwaysRefresh":false,"showFog":true,"showSkybox":false,"showFlares":true,"showImageEffects":true,"showParticleSystems":true,"showVisualEffectGraphs":true,"m_FxEnabled":true},"in2DMode":false,"pivot":{"x":-0.005998373031616211,"y":0.18862533569335938,"z":-0.0024671554565429689},"rotation":{"x":0.0024375510402023794,"y":0.9224785566329956,"z":-0.005821618251502514,"w":0.3860032856464386},"size":0.2130042314529419,"orthographic":false}